feature,importance
物料编码,0.6441993123151938
工厂编码,0.15211229155904352
day,0.10473649070264383
month,0.09895190542311887
